Predictions,Real values
-13.3701,-12.91
-19.507015,-21.19
-15.783068,-15.1
-12.494822,-13.11
-9.943293,-9.93
-10.304326,-9.79
-8.21717,-8.3
-10.308622,-10.22
-8.451658,-9.7
-13.305349,-13.26
-13.00115,-13.67
6.172722,6.970733456
-6.5511107,-5.4
-9.748408,-10.39
-13.855928,-14.07
-13.827328,-14.79
-7.5656466,-7.1000000000000005
-12.058719,-12.54
-20.500895,-20.45
-8.279966,-8.39
-11.568766,-10.07
-11.588447,-11.89
-5.573134,-5.17
-14.035195,-13.58
-11.043938,-11.38
-14.237525,-14.18
-8.432068,-7.42
-12.254924,-11.07
-20.342537,-19.79
-13.685592,-15.64
-15.607735,-12.98
-9.92069,-5.500000000000001
7.2474523,5.719717574
-11.03944,-11.15
-13.478535,-13.51
6.3141,6.599909961
-12.179608,-13.35
-9.345591,-8.7
-8.450598,-8.989999999999998
-11.71928,-11.52
-18.540138,-18.39
-14.42142,-16.54
11.288388,11.14651269
-13.341086,-10.6
-15.435958,-15.18
-9.927157,-12.3
-12.304394,-13.57
-6.1682324,-6.74
-10.79041,-11.32
-10.005756,-9.34
-11.673908,-11.2
6.3141,7.503780633
-9.976409,-8.77
-13.317868,-16.43
-11.047118,-11.6
-18.540138,-18.39
-12.762948,-14.68
-20.498287,-20.74
12.552023,13.07227065
-20.501236,-20.14
-10.8421955,-10.81
-13.561073,-13.31
-15.938615,-16.14
-11.736298,-11.83
-20.346432,-20.17
-14.743575,-14.260000000000002
-8.004417,-8.19
-6.5511107,-4.94
-11.263971,-9.91
6.172722,7.768377454
-12.741622,-12.68
-12.960334,-12.46
-8.753016,-7.979999999999999
-14.888904,-14.5
-10.8082485,-11.53
-13.400626,-13.37
-13.317868,-16.15
-10.963032,-9.34
-14.780341,-14.32
-14.637702,-13.6
-12.188552,-12.29
-10.897751,-10.83
-15.260213,-15.31
-10.685278,-10.67
-12.762949,-12.02
-20.486109,-20.450000000000003
-13.358889,-12.54
-5.6715426,-5.25
-9.928368,-8.63
-14.613945,-14.26
-12.39132,-12.54
-12.119234,-11.12
-8.44992,-8.27
-7.9227977,-7.36
-12.552944,-12.62
-20.49929,-20.82
-14.112957,-13.89
-12.081279,-12.14
-9.876253,-10.4
12.552023,12.69198753
-11.984979,-12.03
-20.50053,-21.04
-12.765977,-9.409999999999998
-12.364837,-12.78
-8.279966,-7.79
-11.970441,-11.27
-8.3933115,-9.57
-11.048006,-9.44
-6.3621516,-6.44
-12.264485,-12.03
-10.34514,-10.04
-10.31113,-10.19
-10.701459,-10.13
-14.5777445,-14.71
-14.108968,-13.739999999999998
6.7714734,9.976364696
5.8806834,4.907830705
6.690366,4.9197364
-8.215197,-8.07
-11.406727,-11.989999999999998
-13.273123,-13.81
-13.716091,-13.31
-19.33863,-19.26
-11.989791,-11.53
-9.289683,-8.91
-7.877256,-8.33
-10.725782,-11.13
-11.138682,-11.54
-11.003988,-10.91
-11.034262,-10.19
12.552023,12.71394818
-15.975987,-13.47
-11.674621,-11.84
-10.109106,-6.83
-11.493289,-10.67
-14.833356,-14.04
-15.116596,-14.24
-12.690562,-11.47
-13.313953,-12.87
10.948571,11.19962819
-13.811275,-14.2
-12.960261,-12.96
-13.06099,-13.45
4.819286,4.255414621
-12.101025,-11.68
-12.323321,-12.35
6.702225,6.502793105
-9.253408,-7.5
-10.986991,-9.9
-12.706003,-12.4
-8.644445,-10.11
-10.967921,-12.93
9.0729885,11.486017466
-12.484807,-13.85
-11.1274185,-9.06
-11.534552,-11.0
6.3141,6.493208709
-14.667075,-14.79
-15.975987,-17.37
-12.707687,-13.28
-9.1072235,-8.97
7.4942236,7.322282684
-12.76295,-13.65
-10.266139,-8.07
-13.139574,-13.03
-6.5511107,-6.8500000000000005
-9.7169485,-9.03
-12.033816,-12.04
7.053739,7.426229123999999
-11.296618,-11.68
-10.061487,-10.41
-10.710739,-11.69
-12.6462145,-11.69
-11.95383,-11.19
5.627685,5.762327056999999
-12.46307,-12.3
-15.975987,-18.93
-7.354462,-7.19
-12.1531,-13.48
-9.383909,-9.21
-12.955125,-12.96
-10.422096,-10.64
-12.469581,-13.1
-15.607735,-9.79
-14.627312,-15.93
10.948571,11.62725132
-7.533634,-7.16
-6.5511107,-5.300000000000001
-12.791696,-13.14
-9.064973,-10.01
-14.811888,-14.59
-13.337501,-13.17
-12.883345,-10.75
-12.3637085,-12.42
-14.748085,-12.45
-11.983933,-11.31
-11.776391,-11.25
-7.9648175,-8.04
12.552023,12.42280263
-12.085025,-12.94
-20.501152,-20.65
-6.5511107,-7.29
-12.762943,-12.67
-14.435473,-13.72
-12.089551,-12.77
-15.753011,-14.52
-10.20134,-14.71
5.1145606,5.708688787
-8.784796,-7.62
-17.287107,-17.3
-9.332503,-8.059999999999999
-18.810223,-17.740000000000002
-14.672483,-14.7
11.288384,12.09173555
-9.25804,-8.73
11.288388,10.06339958
-20.50103,-20.56
-14.561582,-14.35
7.4991727,8.033886483
-8.161153,-4.78
-13.519812,-13.400000000000002
-10.313509,-10.21
-8.491611,-9.31
5.960961,5.024384138
-8.279966,-8.51
-12.5293255,-12.3
-10.783563,-12.13
-12.76295,-13.86
-12.192014,-12.04
-12.03687,-11.23
-11.650537,-12.45
-15.281384,-15.03
-10.173421,-9.75
-8.641034,-8.58
-12.9603405,-13.05
-10.2845,-10.44
-14.690848,-14.78
-8.55888,-9.25
6.172722,8.111571546
-12.638023,-10.75
-16.105122,-16.56
11.288388,12.44823212
1.771035,-0.2667055390000001
-19.008718,-18.63
10.948571,6.458671741
-6.2663345,-6.92
-12.762945,-13.56
-7.094127,-6.72
-16.052618,-15.6
-10.413106,-10.25
-11.267397,-11.11
-11.783057,-7.899999999999999
-12.355238,-12.61
6.172722,5.066344072
-8.957392,-10.36
-12.003847,-11.51
-7.211983,-6.940000000000001
-14.377824,-14.53
-12.009002,-12.33
-11.9876585,-12.05
-11.920447,-12.54
-12.762947,-12.04
-10.725782,-13.58
-7.0670776,-5.779999999999999
-11.984209,-10.24
-8.252465,-8.74
-12.960067,-12.92
-13.391741,-12.22
12.552023,12.40399027
-11.148351,-11.78
-14.855478,-17.0
-12.907169,-12.33
-12.094204,-11.78
-10.535286,-10.71
-12.429478,-12.91
6.757789,5.220585219
-12.087653,-11.62
-12.829612,-12.84
-15.2760105,-14.420000000000002
-7.6280856,-8.51
-15.087099,-15.23
-8.490796,-6.779999999999999
-9.503592,-8.72
-12.068685,-12.66
-13.327886,-12.1
-10.685278,-10.75
-9.051597,-10.7
-12.9762535,-13.76
-11.71928,-11.75
-15.395849,-15.6
-13.25416,-12.79
-5.6167436,-5.34
-13.928974,-13.69
-12.960115,-12.53
-14.005429,-15.22
-12.687605,-12.87
-8.52108,-7.33
-15.363396,-14.73
-14.131273,-14.13
-14.786638,-14.19
-15.793659,-16.380000000000003
-14.402018,-14.59
-11.592313,-11.37
-13.072973,-13.85
-10.34514,-9.66
-16.455076,-16.74
-11.355232,-11.52
-10.670497,-9.66
-8.442913,-8.629999999999999
-12.556,-13.69
-9.064976,-10.03
-11.047868,-10.92
-11.312396,-11.0
-12.481709,-12.47
12.552023,12.31829838
-6.551109,-7.28
-6.5817294,-6.41
-10.555814,-7.709999999999999
-12.048706,-7.359999999999999
10.948571,11.21913666
-18.148054,-17.84
-12.392843,-12.12
-11.397439,-11.14
-13.661987,-16.57
-8.540123,-10.15
-5.88615,-4.220000000000001
6.757789,9.934099038
-11.735924,-11.91
-13.340614,-10.96
-14.953464,-13.47
12.552023,13.08444746
-10.31113,-11.02
-9.33983,-7.739999999999999
-13.030463,-12.72
-12.835042,-16.08
7.495196,7.681752639999999
-11.918014,-11.760000000000002
-12.215202,-12.02
-14.572573,-14.29
-14.833495,-14.95
-10.42794,-11.49
-13.546033,-13.83
-15.954907,-16.01
7.4942236,7.146232266
-12.630268,-12.38
-10.977821,-11.11
6.172722,5.485558589
-12.569259,-12.66
-12.72102,-12.7
-11.764956,-12.6
-13.449592,-12.45
-12.127506,-9.93
-9.154016,-7.62
-10.783563,-12.12
-12.426991,-12.3
7.2474523,12.02274259
-15.690671,-15.4
-12.320887,-12.29
-8.226768,-7.77
-15.178711,-14.46
-7.7295675,-5.72
-14.706295,-14.4
-7.9213595,-9.23
-8.519542,-10.63
-11.85062,-10.57
-13.189292,-12.81
-8.987917,-8.84
-11.237715,-10.96
-11.945035,-12.17
12.552023,13.37573211
-14.630247,-14.5
-13.769466,-13.48
-11.690212,-11.12
-18.495665,-18.61
-15.31375,-14.18
-13.061527,-13.37
-12.10453,-12.22
-10.840232,-11.73
6.757789,5.504124187
-6.442502,-6.23
-5.8858304,-5.930000000000001
-12.486646,-14.16
-8.399216,-8.850000000000001
-6.511687,-6.66
-11.43741,-11.09
-12.908572,-13.56
-12.762948,-13.61
-12.894876,-12.05
-10.201336,-14.53
-12.591075,-13.69
-12.045392,-8.25
-12.578034,-12.86
0.98364097,-0.436035275
-17.203812,-16.61
-11.91252,-12.34
-14.94551,-15.11
-12.963124,-13.12
-10.310394,-9.55
-8.957392,-6.840000000000001
-9.253408,-7.59
-9.729071,-9.72
-11.262912,-11.62
-15.084866,-16.52
-12.100622,-11.93
6.3141,6.977998856
-6.3900857,-4.76
-12.911661,-11.69
-7.8249297,-8.11
-11.047114,-11.21
-13.685877,-13.1
5.7562556,5.796123054000001
-9.427619,-8.18
-11.828107,-11.48
-14.072796,-13.94
-11.3246355,-9.94
-8.284124,-8.149999999999999
-6.636561,-8.01
-5.7020535,-5.95
-9.604647,-10.39
-3.8406487,-4.29
-5.8858495,-5.8100000000000005
-10.772436,-10.56
-11.990106,-12.9
-13.071333,-12.92
-10.42794,-11.5
-9.660657,-9.82
-11.398169,-10.32
-14.59096,-14.41
7.4942236,8.265097477
-15.777951,-17.07
-11.681606,-11.760000000000002
-13.005426,-13.58
-10.967535,-10.24
-9.457509,-9.49
-15.829835,-15.9
-14.706315,-14.75
-8.452166,-9.95
-12.763009,-14.24
-19.0301,-18.73
-14.934695,-14.86
-13.267014,-12.8
-10.895119,-10.91
-19.209364,-21.83
-10.6225,-10.75
-15.121952,-16.2
-10.360186,-10.18
-14.796994,-14.22
-11.557452,-11.85
-7.8044047,-6.159999999999999
-17.394724,-17.52
-10.805245,-9.17
-13.579351,-12.06
-13.790643,-14.079999999999998
-12.393957,-12.48
-5.885714,-7.66
-12.380259,-12.02
-12.416741,-12.6
-11.526082,-10.72
-6.6546044,-6.370000000000001
-8.491245,-9.25
-15.067576,-15.07
-11.013369,-10.62
-15.990706,-15.03
-10.928921,-11.22
-12.365581,-12.26
-12.81744,-12.29
-13.340857,-12.34
-10.5525,-10.22
-8.0826845,-6.36
-11.98582,-13.19
-13.056274,-12.47
-12.423583,-11.91
-12.199278,-12.47
-12.212169,-12.5
-8.333344,-10.5
-14.836957,-14.79
-11.639217,-11.75
-12.046288,-11.36
-9.064972,-9.11
-12.872653,-12.38
-9.9569845,-8.530000000000001
-11.610418,-11.36
-10.42794,-10.78
-20.501211,-20.89
-11.704448,-8.59
-11.048552,-10.21
-11.478126,-11.27
-13.996105,-13.3
-9.002806,-9.9
-11.2702265,-10.47
-10.201334,-7.190000000000001
-14.888904,-14.46
-8.333344,-9.56
-10.383842,-10.71
-10.644702,-7.180000000000001
-8.333344,-9.32
-6.939282,-8.22
-11.304738,-16.84
-10.017523,-9.83
-8.461123,-6.720000000000001
-12.399188,-11.97
-18.540138,-18.8
4.139997,4.170749753
-14.724,-14.48
-17.892948,-17.900000000000002
-11.11719,-11.05
-10.577134,-10.73
-6.2977057,-5.380000000000001
-15.595908,-15.49
-17.914604,-17.88
-8.451641,-6.669999999999999
-11.772619,-10.91
-8.926903,-8.93
-14.835105,-13.32
-6.5817294,-6.42
-10.201332,-13.630000000000004
-19.653812,-18.93
-8.599893,-7.24
-13.001696,-12.3
6.757789,6.584599845
-12.051848,-13.81
-5.764967,-4.41
-13.127822,-13.07
-11.244688,-11.62
-12.369571,-11.75
-9.224193,-7.380000000000001
-12.320887,-12.33
-5.828294,-5.83
-12.049111,-11.31
-12.991162,-13.53
-14.436093,-14.12
-14.12507,-14.11
-12.364837,-13.0
-12.156294,-13.72
-11.1274185,-9.36
-8.237922,-9.07
-5.6682725,-6.7
-13.127822,-12.77
-10.122987,-10.04
-18.084496,-17.560000000000002
-12.474643,-11.98
-5.8862,-6.510000000000001
6.757789,7.219502859
-12.094204,-11.77
-9.695487,-8.920000000000002
-9.577295,-9.2
-14.904446,-15.14
-12.829698,-14.07
-17.31763,-17.03
-12.762945,-11.28
-8.279966,-8.4
5.65197,5.278366606
-13.083275,-12.54
-11.239344,-11.5
-11.373988,-13.16
-9.583464,-9.85
-12.762942,-12.62
-20.06028,-19.25
-12.317958,-12.010000000000002
-10.559548,-10.87
-10.416544,-10.07
-10.55529,-10.06
-13.151953,-12.51
-10.585458,-9.34
-12.355222,-12.170000000000002
-15.325614,-15.17
-9.244536,-8.17
-6.5511107,-5.76
-12.728678,-12.51
-11.749845,-12.6
-12.692853,-12.91
-12.398565,-12.54
10.948571,10.95519879
-11.034594,-9.79
-18.810223,-19.82
-10.235962,-9.66
-6.5511107,-7.53
-7.8044047,-7.37
-11.885805,-11.61
-8.644698,-8.25
-15.975987,-15.17
-12.36409,-10.42
-10.666557,-11.1
6.757789,5.977607818
-19.776903,-17.53
-9.759958,-11.97
-18.69827,-18.46
8.793162,6.576870812
-13.299712,-12.8
-19.53395,-25.69
-12.441688,-12.56
-15.694406,-14.78
-8.156214,-7.45
-10.649881,-11.7
-16.582268,-16.06
-14.000831,-14.29
-11.207887,-10.91
-14.755766,-14.9
-11.7798195,-12.07
-11.475371,-6.940000000000001
-18.071304,-18.36
-10.974846,-11.17
-10.75926,-10.52
-9.306512,-12.1
-9.821834,-9.45
-10.708129,-10.6
-14.777834,-14.47
-13.1627035,-14.29
-5.886221,-7.140000000000001
-12.822507,-12.76
-10.026418,-7.540000000000001
-12.611203,-17.36
-11.047384,-11.57
11.288388,12.28434706
-14.059423,-14.29
1.0003458,0.1743243630000002
-11.515057,-11.510000000000002
12.552023,12.66494897
-14.417892,-14.29
-9.339847,-7.17
-11.127414,-15.91
-10.068266,-9.93
-13.058429,-16.65
-12.960614,-11.27
6.172722,5.320394526
6.238061,8.248716339
-11.306162,-11.3
-13.206411,-12.38
-12.593499,-12.78
-12.021539,-11.76
-12.473197,-12.21
12.552023,13.50207599
-8.498008,-7.65
-12.429478,-12.73
-15.138022,-12.87
-10.674326,-10.37
-12.406398,-12.44
-15.496695,-14.58
-12.960297,-14.08
-14.685892,-13.98
-14.627312,-16.25
-14.338102,-13.91
-12.5218935,-12.55
-10.655869,-11.81
-11.270237,-10.2
-13.3798275,-13.03
-13.775259,-13.33
-13.066174,-12.18
-7.1732554,-7.439999999999999
-6.634869,-7.23
-10.975,-11.34
-12.399188,-11.98
-12.494822,-13.25
-12.713007,-11.66
5.960961,6.098533474
-11.701655,-11.64
-10.606888,-8.94
-16.070053,-16.98
-11.450818,-9.66
-4.797226,-4.27
-10.442834,-9.87
-12.750747,-12.54
-5.885815,-7.23
-15.975987,-15.47
-13.273123,-13.25
-13.59374,-13.38
-12.127506,-12.68
7.8201475,8.033886483
-14.736008,-14.170000000000002
-20.49929,-20.66
-11.526082,-10.94
-12.490823,-13.18
-12.513078,-12.510000000000002
-12.564674,-12.76
-11.279307,-12.73
-11.484823,-12.6
-10.277369,-10.18
-11.776001,-12.98
-10.905956,-11.11
-15.469644,-14.91
-15.740176,-15.1
-13.679063,-14.18
-9.034384,-8.89
-9.470547,-8.86
-15.254035,-14.79
6.172722,7.521900362
-11.845378,-11.14
-15.221517,-14.420000000000002
-10.085853,-10.74
-13.204013,-12.88
-11.771272,-12.6
-9.064971,-9.54
-15.975987,-13.68
-9.701841,-10.24
-11.048247,-10.54
-9.331722,-9.99
-8.350761,-8.860000000000001
-9.836595,-8.18
-12.843153,-12.59
-11.771623,-6.809999999999999
-11.555004,-12.15
-14.915481,-16.01
-13.198114,-13.45
10.948571,12.12725517
-15.117175,-14.26
-10.502872,-9.79
-17.6051,-17.04
-11.127326,-9.88
-14.157078,-14.49
-19.783113,-18.35
-16.041422,-16.43
-10.203475,-13.25
-11.343217,-10.47
-12.871542,-13.47
-12.049111,-11.32
-9.3395,-11.05
-10.201335,-8.060000000000002
-20.501162,-21.41
-7.318027,-9.87
12.552023,12.51167903
-8.500922,-7.9
-8.148802,-7.43
-13.070649,-13.44
-11.049583,-11.13
-14.562484,-12.84
-5.927504,-6.09
-13.580345,-11.69
-12.846312,-13.12
-9.909855,-7.19
-10.702696,-10.22
-16.455076,-14.76
-14.017093,-14.88
-6.976562,-9.41
-15.620292,-15.88
-10.29088,-8.639999999999999
-14.785797,-15.67
-10.705771,-10.0
-15.064741,-14.37
10.948571,10.51581292
12.552023,12.18311731
-8.279966,-8.39
-11.895645,-12.13
11.288388,10.205147791
-11.288637,-10.94
-13.049776,-10.74
-9.481269,-6.92
-12.046112,-10.52
-14.565559,-13.94
-14.545131,-14.29
-6.388705,-6.81
-19.371754,-20.01
-10.555814,-7.96
-15.549437,-14.91
-18.540138,-18.81
-10.31113,-9.92
-5.885693,-6.040000000000001
-14.306206,-14.079999999999998
-15.571855,-14.86
-8.381858,-8.02
-11.046872,-11.14
-14.782081,-14.55
-12.960255,-13.65
-11.433598,-11.92
-11.964663,-12.21
5.775266,5.444022219000001
12.552023,13.10321824
6.757789,6.415387933
-5.885823,-6.94
-10.776748,-10.69
-12.2446995,-12.78
-11.642065,-10.920000000000002
-13.410505,-14.78
-12.840518,-12.05
-5.8861184,-7.16
6.757789,5.654565319
-12.662108,-12.54
6.172722,5.300290639
-12.740346,-12.64
-11.772933,-12.6
-12.544525,-12.04
-12.009002,-12.73
-13.289476,-12.79
-18.540138,-18.39
-10.903431,-9.37
-13.096471,-14.5
-8.090224,-7.55
-15.733026,-15.69
-8.451657,-8.07
-9.686066,-9.81
6.172722,5.494765296
-9.677762,-9.13
-18.972198,-18.66
-16.859283,-16.72
-20.501266,-21.18
-12.086525,-12.27
-10.416544,-10.02
-20.501072,-20.72
-15.975987,-18.03
-10.547259,-7.9
-10.438902,-10.56
-12.555573,-13.39
-14.795271,-14.33
6.757789,8.262012679
-13.930522,-13.56
-12.199278,-12.29
-12.76372,-11.95
-4.396686,-4.01
-11.048427,-11.37
-11.047118,-11.35
-15.6609535,-15.94
-12.960853,-13.67
-12.737414,-12.94
-8.491925,-7.85
-10.976885,-10.33
-9.927539,-10.41
-10.8938,-10.72
-5.8861327,-6.0600000000000005
-9.634274,-10.97
-12.051848,-14.37
-5.9067626,-6.710000000000001
-11.115863,-10.21
-13.099717,-12.93
-12.051848,-13.48
-12.5293255,-12.17
-8.126507,-7.85
-20.497519,-20.78
-11.037644,-11.73
-11.804523,-11.34
-19.800228,-19.32
-12.131727,-14.46
-12.504502,-13.6
-7.468449,-7.579999999999999
-13.498889,-13.5
-18.25125,-18.29
-12.052636,-11.66
-18.546207,-16.43
-15.899057,-15.67
-15.511495,-15.79
-10.783563,-8.11
-5.886283,-7.24
-11.987157,-12.510000000000002
6.3141,7.731494832
-9.424272,-9.27
-17.13136,-17.32
-12.379058,-13.09
-13.113131,-13.06
-10.159247,-9.75
6.172722,5.793353655
-13.391369,-11.66
-13.973818,-12.35
-17.890804,-18.2
-10.674614,-10.63
-13.959972,-13.56
-9.424272,-10.47
-11.998577,-11.64
-12.748103,-12.170000000000002
-13.789079,-14.12
0.9639903,-0.4670618730000004
-11.398169,-11.17
-9.754521,-10.47
-9.577297,-9.3
-11.145428,-11.88
-12.413336,-11.69
-11.037644,-11.22
-10.161708,-10.6
-10.728369,-11.49
-11.676444,-11.92
10.610501,9.81606681
-7.1327567,-6.88
-14.917824,-14.15
-11.047068,-10.95
-20.49929,-20.86
-11.938246,-12.16
-13.367207,-13.84
-13.3070135,-13.29
-20.498278,-21.13
-15.37013,-15.59
-7.27947,-7.459999999999999
-9.594266,-9.39
-8.279966,-8.4
-9.495591,-8.600000000000001
-11.046027,-10.67
-12.6642885,-12.34
-12.035822,-10.749999999999998
-13.459678,-13.53
-9.216759,-8.5
-12.147308,-11.21
-12.780336,-13.73
-8.427809,-8.09
-11.861554,-11.57
-14.629401,-14.29
11.288398,12.515493864
-8.195221,-8.62
5.387383,5.777840356
-15.104653,-15.03
-5.8860526,-5.680000000000001
-14.707799,-15.03
-12.838422,-13.82
-9.655114,-8.350000000000001
-13.472396,-14.29
-14.546163,-13.94
-12.749108,-12.37
-9.95478,-8.15
7.2474523,5.024384138
-11.479594,-10.31
-11.485547,-11.95
-7.150043,-7.53
-11.350076,-11.64
-12.010635,-11.24
-11.6800995,-11.079999999999998
-10.577134,-11.08
-11.373988,-13.2
-8.474023,-6.5
10.948571,11.78328241
-10.606711,-9.55
-10.518453,-9.83
-9.677762,-10.85
-12.051848,-13.85
-11.586879,-11.62
-14.504329,-15.03
-11.385237,-11.97
6.757789,5.733698531
-11.511621,-8.84
-10.559842,-10.7
-12.960268,-12.07
-13.634752,-13.1
11.288388,11.57631803
-11.724582,-12.9
-11.784173,-17.95
-16.543081,-16.15
-11.971005,-12.95
-12.577476,-12.49
-11.161861,-10.489999999999998
-14.439823,-13.12
-12.414182,-12.95
-16.149717,-16.86
-8.09738,-8.54
-13.527022,-13.400000000000002
11.288388,11.34105318
-11.764763,-6.229999999999999
-10.201332,-16.51
-7.4748473,-7.619999999999999
5.2424703,5.561416625
5.543604,6.403713293
-14.069213,-13.37
-20.501108,-19.94
-6.4507356,-4.84
-10.563656,-11.86
-9.39864,-9.27
-18.801058,-18.5
-14.796466,-13.8
-10.60277,-8.850000000000001
-8.452948,-6.579999999999999
-11.71928,-11.86
-11.806908,-11.75
-8.279966,-8.51
-10.061487,-10.5
-14.374678,-13.53
-11.18576,-11.22
6.3141,5.025898074
-8.928054,-9.09
5.387383,5.719717574
-7.8376203,-7.829999999999999
-11.066233,-10.82
-15.088797,-14.22
-12.083169,-12.81
-15.715449,-15.89
-10.784623,-13.65
-11.479594,-11.59
-13.166409,-12.48
-11.081762,-10.62
-8.0826845,-9.16
-7.0371366,-6.82
-13.317868,-11.2
-8.383634,-8.27
-14.005429,-15.17
-20.500858,-20.58
-12.179608,-13.64
-7.726476,-8.52
-13.273123,-13.63
-15.802623,-15.3
-12.03515,-10.8
-14.795699,-13.91
-7.9261193,-7.74
-14.940964,-15.67
-12.538341,-13.09
-14.327833,-16.14
-8.115849,-8.05
-8.926903,-8.95
-9.812245,-10.63
-12.960271,-13.63
-15.392926,-16.03
-20.439974,-19.65
-8.2872,-7.75
-7.7197585,-6.8500000000000005
-4.5094514,-4.19
-10.026418,-11.06
-12.443425,-12.07
-15.954907,-16.08
-13.825576,-12.54
-12.163314,-13.52
-6.5125422,-6.66
-12.632755,-12.26
-13.087188,-13.38
-15.920318,-13.97
-9.408577,-10.0
-6.8763833,-8.23
-14.727187,-14.79
-10.606711,-10.51
-11.7798195,-11.89
-10.005756,-10.84
-12.128953,-11.3
-13.676603,-13.1
-11.990106,-12.27
-13.264036,-13.33
-8.49646,-8.35
-18.402391,-18.66
-13.015598,-12.62
-13.20814,-13.12
-7.551623,-6.850000000000001
-14.668575,-15.99
-10.340725,-10.71
-14.448266,-13.89
-10.256518,-10.2
-12.848091,-11.6
-12.646089,-12.49
-12.420075,-12.41
12.552023,12.55830618
-10.42794,-10.5
-6.437,-6.4
-13.583765,-13.47
-14.089339,-13.3
-12.603937,-13.12
-13.678504,-12.91
-12.078143,-13.28
-10.560669,-11.02
-15.954907,-16.06
-12.399965,-11.92
-8.267202,-8.010000000000002
6.88261,6.502793105
-8.279966,-8.08
-17.118708,-17.31
-10.725782,-12.14
-12.376589,-12.37
-11.234887,-11.17
-12.010635,-11.21
-11.490601,-11.07
-8.214301,-6.159999999999999
-11.127383,-9.14
-6.9422097,-9.6
-13.661987,-15.98
-11.983933,-11.32
-12.456293,-12.71
-12.354761,-16.2
-11.610418,-9.6
-8.926903,-8.94
-7.24621,-7.81
-12.933958,-12.95
-10.896445,-10.83
-12.437875,-12.48
-12.5349,-14.35
-12.913868,-12.95
-12.993436,-11.14
-12.16693,-12.62
-10.517576,-10.63
-18.540138,-18.39
-12.6642885,-12.87
-11.755548,-9.09
-14.684652,-15.9
7.4942236,6.063784306
12.552023,12.66789028
-12.215202,-12.2
-12.364837,-12.07
-13.678221,-13.1
-12.346334,-12.55
-10.894761,-10.96
-13.493585,-14.68
-11.433598,-11.27
-14.979339,-15.38
-10.0969,-5.78
-11.71928,-11.73
-12.762949,-12.08
-15.58559,-15.38
-10.201332,-5.150000000000002
-12.009002,-12.29
-10.422096,-10.65
-15.975987,-17.57
-9.577294,-9.92
-11.908078,-12.21
12.552023,13.28114608
-18.355698,-17.95
-12.693727,-13.32
-13.659132,-15.14
-5.7615647,-6.0
-9.521876,-9.34
-10.5908,-7.4
-10.43315,-10.67
-10.026418,-11.35
-8.4521265,-9.0
-11.776848,-17.86
-11.930136,-11.47
-18.241034,-18.07
-10.297957,-10.33
-10.925462,-11.55
-13.123708,-10.81
-9.40134,-6.82
12.552023,12.54391049
-12.6642885,-13.05
-5.856523,-6.21
-11.689322,-10.88
-12.999523,-11.91
-12.91094,-12.56
-12.845792,-12.1
-11.310144,-10.63
-12.019054,-11.57
-11.161882,-11.05
-12.894876,-12.9
-13.377912,-14.63
-10.128857,-9.61
-8.151122,-7.66
-9.913812,-12.14
-10.224535,-10.09
-9.002806,-10.72
-12.907169,-12.93
-12.015098,-12.03
-9.604647,-11.29
-20.500578,-20.78
-7.1893334,-5.969999999999999
-11.875138,-12.22
-10.666623,-10.73
-12.283029,-12.5
-8.96119,-8.770000000000001
-13.561404,-13.14
-14.79645,-15.18
-13.452554,-13.24
-12.500002,-12.04
12.552023,13.29884127
-10.228187,-10.32
-14.563047,-14.73
-16.33928,-15.55
5.387383,5.024384138
-15.055425,-14.65
-14.223387,-16.14
-8.214301,-7.42
-11.739993,-10.420000000000002
-12.958769,-12.61
-13.976,-14.15
-9.349794,-10.760000000000002
-10.428351,-10.99
-15.975987,-13.47
-10.578228,-10.38
-13.690523,-13.89
-10.873273,-10.5
-12.737414,-12.86
-18.9865,-20.32
-14.005044,-13.99
-13.573394,-13.45
-10.644702,-12.56
-9.8344965,-9.59
-14.597968,-13.83
-13.179903,-12.45
-14.048862,-14.010000000000002
-12.960315,-12.37
-13.653026,-13.91
-13.553751,-13.33
-12.348122,-12.71
-11.180097,-10.96
-10.034083,-10.6
-11.745195,-11.1
-11.120364,-11.0
-8.926903,-8.98
-10.632171,-10.91
-15.0057955,-14.16
-10.598821,-10.25
-12.895275,-12.96
-10.032081,-5.51
-13.583765,-13.81
5.613577,5.893956738
-12.762947,-14.21
-8.998096,-8.5
-14.322747,-13.42
-12.713007,-12.26
-12.630708,-10.75
-14.607321,-15.2
-14.84476,-14.24
-14.462455,-14.260000000000002
-14.965415,-14.6
-8.234257,-9.9
-9.922196,-11.33
5.065079,5.677662188999999
11.288388,12.49622622
12.552023,12.6225701
-11.710042,-11.94
-15.688874,-15.04
-9.683458,-8.96
-15.29065,-15.35
-9.747795,-8.209999999999999
-12.073151,-11.9
-12.162739,-12.44
-12.95952,-13.28
-9.747795,-9.23
-12.700281,-13.48
-11.244688,-9.14
-10.705771,-7.529999999999999
-12.009002,-12.76
-13.625802,-11.22
-12.279861,-12.59
-10.048458,-11.67
-13.804882,-13.38
-12.997785,-11.73
-10.844086,-8.809999999999999
-8.279966,-8.36
-12.443425,-11.86
-10.325437,-13.25
-10.625755,-8.44
1.4168941,-0.5833074370000002
-12.960542,-11.87
-10.201332,-10.130000000000004
-10.173421,-7.890000000000001
-12.332354,-12.16
-17.86835,-17.89
-12.015424,-12.84
-14.897565,-14.13
-15.975987,-14.74
-11.753531,-12.510000000000002
-11.77648,-7.33
-13.429065,-14.19
-9.91145,-7.790000000000001
-14.196144,-14.22
-10.332753,-9.51
-14.454664,-13.510000000000002
-12.506431,-12.77
-13.083122,-13.51
6.757789,9.753790536
-11.03793,-10.59
-10.085853,-10.81
-10.8082485,-12.03
-11.813827,-11.32
-10.236223,-8.06
-11.7798195,-11.92
-14.199668,-14.48
-6.7754726,-6.09
-14.9366665,-14.77
-13.468676,-13.1
-8.433918,-7.020000000000001
-13.119182,-11.91
-9.621861,-9.57
-14.692126,-14.28
-8.790795,-8.850000000000001
-12.96626,-13.09
-7.20832,-7.340000000000001
-9.824605,-9.58
-9.390471,-8.8
-11.881502,-12.51
-12.93765,-13.06
-6.5511107,-5.880000000000001
-15.70062,-15.45
-9.319018,-8.34
-10.585458,-10.9
-8.451586,-10.86
-10.844086,-10.27
7.4933305,5.078075967
-10.113596,-12.68
-8.884325,-6.55
-12.960298,-10.06
-9.77242,-8.67
-11.045578,-10.97
-12.688893,-8.6
-10.550531,-13.88
-11.602695,-12.02
-8.830808,-9.69
-8.9983,-9.24
-12.17247,-11.71
-8.55371,-8.97
-10.639107,-11.47
-9.898145,-10.5
-12.535649,-13.4
-11.814454,-11.96
-13.18811,-12.31
-10.177109,-11.07
-7.20832,-7.32
-12.662936,-13.34
-12.654124,-12.87
-15.607735,-13.52
-12.638438,-10.23
-10.382507,-10.91
-13.21329,-13.84
5.7663345,3.675667845
-11.479594,-9.03
-15.728228,-15.71
-10.35997,-11.14
-14.712689,-15.07
-11.493289,-11.17
-8.340289,-9.58
-11.497877,-11.32
-11.990106,-12.29
-15.975987,-13.47
-13.264036,-12.52
-11.976,-12.14
-13.015916,-12.87
-12.107861,-13.07
12.552023,12.39299575
-12.377831,-11.66
-10.023995,-9.86
12.552023,12.38757753
-11.829191,-11.41
11.288388,10.675677485
-12.89,-12.62
-15.61924,-15.19
-12.76295,-10.87
-18.86511,-18.59
-13.123379,-12.21
-9.527084,-8.700000000000001
-10.725782,-13.05
-7.635882,-7.4
-12.347584,-10.2
-13.213988,-12.75
-9.736971,-9.47
-12.70656,-12.82
-9.649706,-8.94
-10.339275,-10.89
-6.7727103,-7.04
7.4942236,8.544422584
-13.339597,-12.98
-12.993998,-11.89
-15.100875,-14.56
-9.319018,-10.75
-10.416544,-9.99
7.4942236,7.675617709
-9.39954,-5.69
5.6085553,4.891774485999999
-8.279966,-8.36
-15.486247,-14.71
-13.122628,-13.93
-11.772406,-12.6
10.948571,11.82715078
-12.226561,-11.65
-9.750831,-11.8
-14.07224,-14.15
-10.310394,-9.19
-10.220422,-9.86
-11.0487995,-9.87
-11.230552,-10.06
-13.461577,-12.96
-11.990343,-12.15
-15.765174,-15.71
-12.545915,-10.22
-9.913855,-12.68
-5.8958974,-6.82
6.757789,6.610636616
-11.76978,-9.17
-11.796031,-11.88
-11.000232,-10.34
-10.968277,-10.19
-5.8862147,-6.380000000000001
-14.67182,-13.32
-14.527021,-14.59
5.960961,5.777840356
-11.245887,-12.62
-15.210342,-15.62
-13.222857,-13.36
-20.49084,-20.46
-6.2261386,-5.890000000000001
-14.216574,-13.77
-8.326873,-7.939999999999999
-5.8860683,-5.82
-8.262456,-8.05
-11.887553,-11.93
11.288386,12.41950567
-12.480473,-11.8
-14.702901,-14.61
-18.540138,-18.74
-10.808251,-9.44
-12.058021,-12.91
-9.327709,-7.399999999999999
-6.2250466,-5.65
-12.586244,-14.99
-13.638672,-14.18
-19.901585,-17.75
-14.629817,-14.66
-12.127846,-11.32
-11.771845,-8.54
-8.519542,-9.25
-12.960299,-12.89
-3.4907966,-3.53
-12.574389,-12.21
-11.639217,-11.57
-13.505151,-13.65
-10.930022,-10.52
-13.479794,-12.91
-15.83347,-15.49
-10.220422,-10.14
-13.159927,-13.22
-9.043783,-8.379999999999999
-19.036469,-19.26
-16.905931,-16.63
-13.686748,-12.91
-10.5280485,-10.89
-11.041111,-10.77
-17.825628,-17.43
5.479896,5.616380066
-7.716205,-8.51
12.552023,13.60018243
-13.583765,-12.65
-10.559842,-10.8
-14.199668,-14.59
-11.000232,-8.83
-12.67966,-12.41
-7.5200906,-6.62
-14.782395,-15.14
-12.051848,-11.96
-9.980159,-9.06
-10.391871,-11.0
-15.689643,-16.01
-10.37435,-10.49
-7.767131,-6.699999999999999
-13.432843,-14.13
-9.165187,-8.94
-9.760813,-7.89
-15.710236,-15.56
-12.437875,-12.86
-17.847305,-17.970000000000002
-14.150212,-13.02
-12.4826975,-10.55
-10.701459,-10.16
-12.603937,-12.45
-12.171582,-12.48
12.552023,12.30416227
-20.49929,-21.01
-13.79014,-14.59
-10.725782,-11.35
-11.256191,-10.36
-11.114185,-9.29
-8.215197,-8.09
-17.01275,-16.22
-11.877055,-11.04
-20.342579,-20.75
-12.645374,-11.7
3.9915123,3.279126299
-15.031493,-18.42
-14.28589,-12.84
-14.856469,-14.41
-18.540138,-18.8
-12.132597,-10.98
-9.798585,-10.5
-5.8905396,-6.140000000000001
-13.934506,-13.69
-8.492844,-7.79
-10.769735,-10.75
-17.592491,-17.380000000000003
-13.812007,-13.8
-6.3295684,-6.41
5.856159,5.962683391
-11.639217,-11.54
-8.85377,-8.73
-11.331635,-11.75
-13.365908,-13.72
-11.343217,-10.31
-10.81819,-10.91
-12.8833885,-12.98
-11.756093,-14.21
10.948571,9.81386304
-9.695915,-9.99
-12.299946,-13.6
-7.9963346,-7.93
-10.634951,-12.0
-11.479594,-11.5
-11.890981,-11.55
-11.715074,-12.6
5.7651553,5.273116174
-20.501278,-20.700000000000003
-7.6977534,-7.1
-11.046966,-11.17
-11.150311,-10.98
-14.69818,-14.44
-10.802135,-10.87
-14.183115,-14.99
-15.975987,-19.09
-14.315834,-14.01
-18.692326,-18.62
5.9302187,6.319048425
-9.453312,-8.8
-13.696357,-12.9
-12.767865,-12.21
-10.203475,-13.01
-13.859134,-13.28
5.242219,5.646081493
-7.6280475,-6.19
-10.339798,-9.34
-6.248217,-6.08
-12.363912,-12.75
-14.876933,-14.58
-11.035755,-11.57
-12.770754,-11.46
-10.173421,-8.78
-12.76295,-13.56
-13.2577305,-14.909999999999998
-13.016357,-12.6
-10.685278,-9.3
-11.813644,-11.79
-11.067101,-9.57
-14.689857,-13.47
-10.825776,-11.0
-10.905956,-10.93
-10.535323,-10.63
-11.9936285,-12.98
-9.408577,-9.99
-11.24643,-9.53
-16.92682,-16.72
-13.468283,-13.1
-11.230552,-9.73
-11.136045,-11.57
-13.038422,-12.87
-6.5511107,-5.890000000000001
-13.954616,-13.84
-13.352209,-13.19
-12.431052,-12.56
-12.127506,-13.75
7.4942236,7.060779244
-13.57408,-13.91
-11.072119,-11.05
-13.474379,-12.18
-14.011051,-13.68
11.288388,7.649840589
-12.005245,-11.24
-14.812069,-16.080000000000002
-13.731734,-13.43
-11.054559,-11.57
-9.747795,-8.47
-7.6977534,-9.18
-8.451885,-9.03
-13.21329,-12.25
-7.330313,-7.69
-13.031889,-13.21
-15.082448,-14.010000000000002
-16.824188,-15.87
-11.261222,-11.25
-18.579777,-18.23
-7.731395,-7.459999999999999
-12.051655,-14.47
-12.89,-12.81
-13.69735,-13.58
-17.112892,-16.94
-9.598585,-8.45
-13.301812,-12.8
-11.697966,-12.09
-11.140289,-11.22
-15.517171,-14.43
6.7607846,9.533747688
-9.798585,-9.01
-17.479614,-17.23
-13.576151,-13.45
-13.47438,-12.71
-12.269856,-12.48
-11.479594,-11.709999999999996
-12.437875,-12.67
-7.8641944,-7.89
10.948571,10.59984233
-12.2660265,-11.63
12.552023,12.30261316
-13.117448,-12.91
-7.9221997,-6.7
-15.41994,-14.79
-8.451671,-9.26
-14.760509,-14.48
-9.483107,-9.96
-13.828543,-14.18
-7.9396405,-7.289999999999999
-7.33065,-6.09
-13.54998,-14.01
-12.314404,-12.04
-11.709292,-10.75
-11.726237,-12.02
-12.953632,-13.07
-11.04761,-11.36
-6.902756,-6.29
-13.661987,-15.71
-6.352766,-6.3
-10.663808,-10.73
-12.2330475,-13.2
-12.762951,-6.59
-11.1274185,-11.68
-14.475451,-14.38
-10.598821,-8.5
-13.833595,-13.79
-9.065004,-9.83
-12.624856,-13.28
-13.01796,-13.12
-8.519542,-10.2
-9.450105,-8.950000000000001
-7.613108,-7.21
6.172722,5.654565319
-8.519542,-8.84
-14.0304165,-14.13
-13.413765,-14.08
-6.7727103,-6.799999999999999
-11.691498,-11.22
-6.126364,-7.57
-7.5879693,-9.61
-12.76295,-11.37
-15.013251,-14.45
-14.67448,-14.8
-11.048524,-11.45
-7.2303143,-6.5600000000000005
-14.473563,-14.29
-14.404115,-14.38
-4.2269964,-4.09
-12.524437,-11.97
6.741011,9.844004336
4.9893003,4.460587712000001
-13.077227,-13.23
-12.185536,-12.59
-14.253326,-14.13
-13.076574,-13.12
-16.92682,-16.72
-6.7747245,-6.39
-10.112821,-9.76
-12.239594,-11.96
-20.500118,-20.72
-13.744667,-14.19
-10.885987,-10.44
-10.938511,-8.89
-12.637736,-12.79
-8.9361515,-8.6
-8.451497,-8.120000000000001
-9.121288,-9.5
-12.9653015,-12.38
-6.3521304,-6.039999999999999
-19.206585,-18.94
-12.860877,-13.14
-13.317868,-10.49
12.552023,12.4918875
-12.842097,-13.13
12.552023,12.33606931
-11.27005,-12.03
-9.683458,-9.14
-9.324868,-8.98
-10.792763,-9.79
-8.640782,-8.23
-9.413192,-7.74
-12.960287,-13.81
-14.299313,-13.65
-7.6895957,-7.53
-9.906979,-9.4
-14.329568,-12.66
-9.080467,-8.72
-6.3518057,-6.5
-11.9936285,-9.61
-12.351312,-12.25
-14.410035,-14.0
-19.169401,-18.67
12.552023,13.0372368
-10.510975,-10.39
-13.6869,-14.45
-13.32209,-12.71
12.552023,12.49840811
-14.02565,-14.74
-11.768613,-12.94
-11.419286,-11.28
-12.603937,-12.82
-11.852268,-12.56
-15.481915,-15.04
-7.6163354,-6.51
-13.997079,-14.22
-10.577608,-11.0
-11.8958435,-11.67
12.552023,12.81526257
-11.04793,-11.46
-12.889308,-11.6
-11.051384,-11.37
-13.503896,-13.45
-10.214206,-10.07
-10.310001,-9.95
6.757789,5.214894719
-10.988648,-10.6
-8.126507,-7.939999999999999
-8.234257,-9.82
-11.97966,-11.52
-14.797236,-14.11
-10.340534,-9.55
-13.827328,-14.85
-12.894876,-13.07
-6.942224,-7.4
-10.685278,-10.68
-12.424374,-11.68
-10.547259,-7.109999999999999
-15.087099,-15.11
-14.738401,-14.99
-8.37459,-8.27
-13.386167,-13.36
-12.673018,-12.56
-11.112747,-11.12
-10.725782,-12.68
-12.777492,-12.76
-12.59719,-10.1
-14.675364,-14.15
-12.960252,-13.28
-11.587288,-11.77
-14.069822,-13.909999999999998
-10.42794,-10.11
-11.697805,-12.56
-12.061995,-8.56
-15.593817,-15.5
5.1848016,3.351235566
-12.762945,-13.61
-14.308024,-13.48
-14.022744,-13.94
-7.4777446,-9.56
-11.413521,-10.49
-10.900686,-11.95
-8.011667,-6.859999999999999
-8.53062,-9.68
-10.783563,-12.11
-11.137903,-10.689999999999998
-13.17495,-12.66
-14.180692,-14.13
-12.04743,-12.26
-11.930136,-11.49
-13.844129,-12.71
-8.451525,-8.85
-20.49929,-21.03
-12.081279,-12.17
-7.6652694,-6.83
-10.300053,-10.01
-10.63488,-9.72
-10.489309,-6.2
5.6303453,4.629109617
-12.020881,-11.88
-11.263915,-10.37
-12.981194,-12.87
-11.5515375,-12.05
-9.470548,-9.73
-12.960297,-12.19
-7.0104194,-7.41
6.7577896,5.719717574
-11.8565645,-11.57
-9.303018,-7.040000000000001
-18.986498,-20.32
-12.087003,-13.01
-12.294049,-12.76
-13.724928,-13.07
-12.762944,-12.69
-12.735094,-12.41
